{"cameraMode":{"drawMode":0,"name":"Shaded","section":"Shading Mode"},"sceneLighting":true,"audioPlay":false,"sceneViewState":{"m_AlwaysRefresh":true,"showFog":true,"showSkybox":false,"showFlares":true,"showImageEffects":true,"showParticleSystems":true,"showVisualEffectGraphs":true,"m_FxEnabled":true},"in2DMode":false,"pivot":{"x":-0.6143578290939331,"y":-0.516412079334259,"z":20.003522872924806},"rotation":{"x":-0.009309282526373864,"y":0.006596849299967289,"z":-0.00006132861744845286,"w":-0.9999355673789978},"size":20.93558692932129,"orthographic":true}