{"cameraMode":{"drawMode":0,"name":"Shaded","section":"Shading Mode"},"sceneLighting":true,"audioPlay":false,"sceneViewState":{"showFog":true,"showMaterialUpdate":true,"showSkybox":false,"showFlares":true,"showImageEffects":true,"showParticleSystems":true},"in2DMode":false,"pivot":{"x":-5.039578437805176,"y":4.11545991897583,"z":25.945411682128908},"rotation":{"x":-0.12735792994499207,"y":-0.12285030633211136,"z":-0.015851933509111406,"w":0.984126091003418},"size":42.821781158447269,"orthographic":false}