{"cameraMode":{"drawMode":0,"name":"Shaded","section":"Shading Mode"},"sceneLighting":false,"audioPlay":false,"sceneViewState":{"showFog":true,"showMaterialUpdate":true,"showSkybox":false,"showFlares":true,"showImageEffects":true,"showParticleSystems":true},"in2DMode":false,"pivot":{"x":-1.8732752799987794,"y":-1.316500186920166,"z":0.9627532958984375},"rotation":{"x":0.11361796408891678,"y":0.08812674880027771,"z":-0.010068634524941445,"w":0.9895814657211304},"size":17.08367156982422,"orthographic":false}