{"cameraMode":{"drawMode":0,"name":"Shaded","section":"Shading Mode"},"sceneLighting":true,"audioPlay":false,"sceneViewState":{"showFog":true,"showMaterialUpdate":true,"showSkybox":false,"showFlares":true,"showImageEffects":true,"showParticleSystems":true},"in2DMode":false,"pivot":{"x":3.6538848876953127,"y":-1.5329363346099854,"z":22.98931121826172},"rotation":{"x":0.025652464479207994,"y":0.34401828050613406,"z":-0.009358914569020272,"w":0.9386011958122253},"size":36.81239318847656,"orthographic":false}