{"cameraMode":{"drawMode":0,"name":"Shaded","section":"Shading Mode"},"sceneLighting":false,"audioPlay":false,"sceneViewState":{"showFog":true,"showMaterialUpdate":true,"showSkybox":false,"showFlares":true,"showImageEffects":true,"showParticleSystems":true},"in2DMode":false,"pivot":{"x":-0.6123723983764648,"y":-0.7071070671081543,"z":0.35355353355407717},"rotation":{"x":0.04828766733407974,"y":-0.013161701150238514,"z":0.0007383282063528895,"w":0.9987975358963013},"size":43.26335525512695,"orthographic":false}