{"cameraMode":{"drawMode":0,"name":"Shaded","section":"Shading Mode"},"sceneLighting":false,"audioPlay":false,"sceneViewState":{"showFog":true,"showMaterialUpdate":true,"showSkybox":false,"showFlares":true,"showImageEffects":true,"showParticleSystems":true},"in2DMode":false,"pivot":{"x":-0.6123723983764648,"y":-0.7071070671081543,"z":0.35355353355407717},"rotation":{"x":-0.03568394482135773,"y":0.0033124799374490978,"z":0.0002182193857152015,"w":0.9994053840637207},"size":43.26335525512695,"orthographic":false}