{"cameraMode":{"drawMode":0,"name":"Shaded","section":"Shading Mode"},"sceneLighting":false,"audioPlay":false,"sceneViewState":{"showFog":true,"showMaterialUpdate":true,"showSkybox":false,"showFlares":true,"showImageEffects":true,"showParticleSystems":true},"in2DMode":false,"pivot":{"x":-0.6123723983764648,"y":-0.7071070671081543,"z":0.35355353355407717},"rotation":{"x":0.012298834510147572,"y":0.04529738798737526,"z":-0.0005081460112705827,"w":0.9989216923713684},"size":43.26335525512695,"orthographic":false}