{"cameraMode":{"drawMode":0,"name":"Shaded","section":"Shading Mode"},"sceneLighting":false,"audioPlay":false,"sceneViewState":{"showFog":true,"showMaterialUpdate":true,"showSkybox":false,"showFlares":true,"showImageEffects":true,"showParticleSystems":true},"in2DMode":false,"pivot":{"x":26.904632568359376,"y":18.733749389648439,"z":-17.378173828125},"rotation":{"x":0.17291535437107087,"y":0.332729697227478,"z":-0.062199175357818606,"w":0.9249565601348877},"size":383.6916809082031,"orthographic":false}