{"cameraMode":{"drawMode":0,"name":"Shaded","section":"Shading Mode"},"sceneLighting":true,"audioPlay":false,"sceneViewState":{"showFog":true,"showMaterialUpdate":true,"showSkybox":false,"showFlares":true,"showImageEffects":true,"showParticleSystems":true},"in2DMode":false,"pivot":{"x":978.4026489257813,"y":1219.951171875,"z":6.41650390625},"rotation":{"x":0.00480747502297163,"y":-0.016181154176592828,"z":0.00017956964438781142,"w":0.9999085068702698},"size":3661.1962890625,"orthographic":false}