{"cameraMode":{"drawMode":0,"name":"Shaded","section":"Shading Mode"},"sceneLighting":true,"audioPlay":false,"sceneViewState":{"showFog":true,"showMaterialUpdate":true,"showSkybox":false,"showFlares":true,"showImageEffects":true,"showParticleSystems":true},"in2DMode":false,"pivot":{"x":652.8366088867188,"y":1352.79150390625,"z":-65.408447265625},"rotation":{"x":0.02130739949643612,"y":-0.008677792735397816,"z":0.00028980625211261213,"w":0.9997865557670593},"size":2833.146728515625,"orthographic":false}