{"cameraMode":{"drawMode":0,"name":"Shaded","section":"Shading Mode"},"sceneLighting":false,"audioPlay":false,"sceneViewState":{"showFog":true,"showMaterialUpdate":true,"showSkybox":false,"showFlares":true,"showImageEffects":true,"showParticleSystems":true},"in2DMode":false,"pivot":{"x":0.8893076777458191,"y":0.10238170623779297,"z":0.18425464630126954},"rotation":{"x":0.15561267733573914,"y":0.029959894716739656,"z":-0.004632407799363136,"w":0.9874024987220764},"size":5.120857238769531,"orthographic":false}