{"cameraMode":{"drawMode":0,"name":"Shaded","section":"Shading Mode"},"sceneLighting":true,"audioPlay":false,"sceneViewState":{"showFog":true,"showMaterialUpdate":true,"showSkybox":false,"showFlares":true,"showImageEffects":true,"showParticleSystems":true},"in2DMode":false,"pivot":{"x":0.9224894642829895,"y":-0.03336071968078613,"z":19.47540283203125},"rotation":{"x":-0.002691494533792138,"y":-0.007183840032666922,"z":0.000022723386791767552,"w":1.0000040531158448},"size":89.98667907714844,"orthographic":false}