{"cameraMode":{"drawMode":0,"name":"Shaded","section":"Shading Mode"},"sceneLighting":false,"audioPlay":false,"sceneViewState":{"showFog":true,"showMaterialUpdate":true,"showSkybox":false,"showFlares":true,"showImageEffects":true,"showParticleSystems":true},"in2DMode":false,"pivot":{"x":2.2050390243530275,"y":0.005009442567825317,"z":1.8131260871887208},"rotation":{"x":0.013247033581137658,"y":0.28287094831466677,"z":-0.0039027694147080185,"w":0.9590685367584229},"size":9.298290252685547,"orthographic":false}