{"cameraMode":{"drawMode":0,"name":"Shaded","section":"Shading Mode"},"sceneLighting":false,"audioPlay":false,"sceneViewState":{"showFog":true,"showMaterialUpdate":true,"showSkybox":false,"showFlares":true,"showImageEffects":true,"showParticleSystems":true},"in2DMode":false,"pivot":{"x":-3.319666862487793,"y":-3.2086124420166017,"z":0.0709686279296875},"rotation":{"x":0.04678061604499817,"y":0.0242904182523489,"z":-0.0010936134494841099,"w":0.9986442923545837},"size":244.2264404296875,"orthographic":false}