{"cameraMode":{"drawMode":0,"name":"Shaded","section":"Shading Mode"},"sceneLighting":true,"audioPlay":false,"sceneViewState":{"showFog":true,"showMaterialUpdate":true,"showSkybox":false,"showFlares":true,"showImageEffects":true,"showParticleSystems":true},"in2DMode":false,"pivot":{"x":619.6909790039063,"y":1300.2779541015625,"z":130.984375},"rotation":{"x":0.027306342497467996,"y":0.0003176128666382283,"z":0.0000354956864612177,"w":0.9996605515480042},"size":2368.558349609375,"orthographic":false}