{"cameraMode":{"drawMode":0,"name":"Shaded","section":"Shading Mode"},"sceneLighting":false,"audioPlay":false,"sceneViewState":{"showFog":true,"showMaterialUpdate":true,"showSkybox":false,"showFlares":true,"showImageEffects":true,"showParticleSystems":true},"in2DMode":false,"pivot":{"x":-0.2554848790168762,"y":-2.362218141555786,"z":-16.611425399780275},"rotation":{"x":0.03480014204978943,"y":-0.011675240471959114,"z":0.0004468975239433348,"w":0.9993641376495361},"size":96.54495239257813,"orthographic":false}