{"cameraMode":{"drawMode":0,"name":"Shaded","section":"Shading Mode"},"sceneLighting":false,"audioPlay":false,"sceneViewState":{"showFog":true,"showMaterialUpdate":true,"showSkybox":false,"showFlares":true,"showImageEffects":true,"showParticleSystems":true},"in2DMode":false,"pivot":{"x":1.976597785949707,"y":-2.8132243156433107,"z":3.405588150024414},"rotation":{"x":0.18445463478565217,"y":0.3620128333568573,"z":-0.07330157607793808,"w":0.9108140468597412},"size":25.65054702758789,"orthographic":false}