{"cameraMode":{"drawMode":0,"name":"Shaded","section":"Shading Mode"},"sceneLighting":true,"audioPlay":false,"sceneViewState":{"showFog":true,"showMaterialUpdate":true,"showSkybox":false,"showFlares":true,"showImageEffects":true,"showParticleSystems":true},"in2DMode":false,"pivot":{"x":709.2571411132813,"y":1899.8160400390625,"z":164.91552734375},"rotation":{"x":0.022807514294981958,"y":-0.0011822122614830733,"z":0.00007113358151400462,"w":0.9997720718383789},"size":1290.9857177734375,"orthographic":false}