{"cameraMode":{"drawMode":0,"name":"Shaded","section":"Shading Mode"},"sceneLighting":true,"audioPlay":false,"sceneViewState":{"showFog":true,"showMaterialUpdate":true,"showSkybox":false,"showFlares":true,"showImageEffects":true,"showParticleSystems":true},"in2DMode":false,"pivot":{"x":582.1981811523438,"y":1355.6241455078125,"z":121.7291259765625},"rotation":{"x":0.06620078533887863,"y":0.0437106229364872,"z":-0.00285850721411407,"w":0.9968780279159546},"size":2376.111083984375,"orthographic":false}